/*
SQLyog Ultimate v9.30 
MySQL - 5.5.40 : Database - mybook
*********************************************************************
*/


/*!40101 SET NAMES utf8 */;

/*!40101 SET SQL_MODE=''*/;

/*!40014 SET @OLD_UNIQUE_CHECKS=@@UNIQUE_CHECKS, UNIQUE_CHECKS=0 */;
/*!40014 SET @OLD_FOREIGN_KEY_CHECKS=@@FOREIGN_KEY_CHECKS, FOREIGN_KEY_CHECKS=0 */;
/*!40101 SET @OLD_SQL_MODE=@@SQL_MODE, SQL_MODE='NO_AUTO_VALUE_ON_ZERO' */;
/*!40111 SET @OLD_SQL_NOTES=@@SQL_NOTES, SQL_NOTES=0 */;
CREATE DATABASE /*!32312 IF NOT EXISTS*/`mybook` /*!40100 DEFAULT CHARACTER SET utf8 COLLATE utf8_bin */;

USE `mybook`;

/*Table structure for table `ec_article` */

DROP TABLE IF EXISTS `ec_article`;

CREATE TABLE `ec_article` (
  `ID` int(11) NOT NULL AUTO_INCREMENT,
  `TITLE` varchar(200) DEFAULT NULL,
  `SUPPLIER` varchar(20) DEFAULT NULL,
  `PRICE` double DEFAULT NULL,
  `DISCOUNT` double DEFAULT '1',
  `LOCALITY` varchar(300) DEFAULT NULL,
  `PUTAWAY_DATE` datetime DEFAULT NULL,
  `STORAGE` int(11) DEFAULT '100',
  `IMAGE` varchar(200) DEFAULT NULL,
  `DESCRIPTION` varchar(500) DEFAULT NULL,
  `TYPE_CODE` varchar(100) DEFAULT NULL,
  `CREATE_DATE` datetime DEFAULT NULL,
  `DISABLED` tinyint(1) DEFAULT '0',
  PRIMARY KEY (`ID`),
  KEY `FK_ARTICLE_TYPE` (`TYPE_CODE`)
) ENGINE=InnoDB AUTO_INCREMENT=329 DEFAULT CHARSET=utf8;

/*Data for the table `ec_article` */

insert  into `ec_article`(`ID`,`TITLE`,`SUPPLIER`,`PRICE`,`DISCOUNT`,`LOCALITY`,`PUTAWAY_DATE`,`STORAGE`,`IMAGE`,`DESCRIPTION`,`TYPE_CODE`,`CREATE_DATE`,`DISABLED`) values (76,'python编程','匠心IT学院编著',50,1,'译林出版社','2012-06-19 00:00:00',500,'00010001-1.jpg','python编程','0001','2012-06-18 00:00:00',1),(77,'数据结构','匠心IT学院编著',132.3,1,'译林出版社','2012-06-19 00:00:00',100,'00010001-2.jpg','数据结构','00010001','2012-06-18 00:00:00',1),(78,'计算机应用工具','匠心IT学院编著',132.3,1,'译林出版社','2012-06-19 00:00:00',100,'00010001-3.jpg','计算机应用工具','00010001','2012-06-18 00:00:00',0),(79,'编程猫','匠心IT学院编著',132.3,1,'译林出版社','2012-06-19 00:00:00',100,'00010001-4.jpg','编程猫','00010001','2012-06-18 00:00:00',0),(80,'算法','匠心IT学院编著',132.3,1,'译林出版社','2012-06-19 00:00:00',100,'00010001-5.jpg','算法','00010001','2012-06-18 00:00:00',0),(81,'编程秘籍','匠心IT学院编著',132.3,0.8,'译林出版社','2012-06-19 00:00:00',100,'00010001-6.jpg','编程秘籍','00010001','2012-06-18 00:00:00',0),(82,'编程书籍','匠心IT学院编著',132.3,1,'译林出版社','2012-06-19 00:00:00',100,'00010001-7.jpg','编程书籍','00010001','2012-06-18 00:00:00',0),(83,'编程书籍','匠心IT学院编著',132.3,1,'译林出版社','2012-06-19 00:00:00',100,'00010001-8.jpg','编程书籍','00010001','2012-06-18 00:00:00',0),(84,'编程书籍','匠心IT学院编著',132.3,1,'译林出版社','2012-06-19 00:00:00',100,'00010001-9.jpg','编程书籍','00010001','2012-06-18 00:00:00',0),(85,'编程书籍','匠心IT学院编著',132.3,1,'译林出版社','2012-06-19 00:00:00',100,'00010001-10.jpg','编程书籍','00010001','2012-06-18 00:00:00',0),(86,'编程专家','匠心IT学院编著',132.3,1,'译林出版社','2012-06-19 00:00:00',100,'00010004-1.jpg','编程专家','00010004','2012-06-18 00:00:00',0),(87,'编程专家猫','匠心IT学院编著',132.3,1,'译林出版社','2012-06-19 00:00:00',100,'00010004-2.jpg','编程专家猫','00010004','2012-06-18 00:00:00',0),(88,'编程实战','匠心IT学院编著',132.3,1,'译林出版社','2012-06-19 00:00:00',100,'00010004-3.jpg','编程实战','00010004','2012-06-18 00:00:00',0),(89,'工业机器人','匠心IT学院编著',132.3,1,'译林出版社','2012-06-19 00:00:00',100,'00010003-1.jpg','工业机器人','00010003','2012-06-18 00:00:00',0),(90,'编程指南','匠心IT学院编著',132.3,1,'译林出版社','2012-06-19 00:00:00',100,'00010003-2.jpg','编程指南','00010003','2012-06-18 00:00:00',0),(91,'go语言','匠心IT学院编著',132.3,1,'译林出版社','2012-06-19 00:00:00',100,'00010003-3.jpg','go语言','00010003','2012-06-18 00:00:00',0),(92,'可视化编程','匠心IT学院编著',132.3,1,'译林出版社','2012-06-19 00:00:00',100,'00010003-4.jpg','可视化编程','00010003','2012-06-18 00:00:00',0),(93,'mysql数据库','匠心IT学院编著',132.3,1,'译林出版社','2012-06-19 00:00:00',100,'00010002-1.jpg','mysql数据库','00010002','2012-06-18 00:00:00',0),(95,'sql server数据库','匠心IT学院编著',132.3,1,'译林出版社','2012-06-19 00:00:00',100,'00010002-3.jpg','sql server数据库','00010002','2012-06-18 00:00:00',0),(96,'sql server数据库','匠心IT学院编著',132.3,1,'译林出版社','2012-06-19 00:00:00',100,'00010002-4.jpg','sql server数据库','00010002','2012-06-18 00:00:00',0),(97,'数据库原理','匠心IT学院编著',132.3,1,'译林出版社','2012-06-19 00:00:00',100,'00010002-5.jpg','数据库原理','00010002','2012-06-18 00:00:00',0),(98,'数据库系统概论','匠心IT学院编著',132.3,1,'译林出版社','2012-06-19 00:00:00',100,'00010002-6.jpg','数据库系统概论','00010002','2012-06-18 00:00:00',0),(99,'涂色画01','匠心IT学院编著',132.3,1,'译林出版社','2012-06-19 00:00:00',100,'00060002-1.jpg','涂色画01','00060002','2012-06-18 00:00:00',0),(100,'涂色画02','匠心IT学院编著',132.3,1,'译林出版社','2012-06-19 00:00:00',100,'00060002-2.jpg','涂色画02','00060002','2012-06-18 00:00:00',0),(101,'涂色画03','匠心IT学院编著',132.3,1,'译林出版社','2012-06-19 00:00:00',100,'00060002-3.jpg','涂色画03','00060002','2012-06-18 00:00:00',0),(102,'涂色画04','匠心IT学院编著',132.3,1,'译林出版社','2012-06-19 00:00:00',100,'00060002-4.jpg','涂色画04','00060002','2012-06-18 00:00:00',0),(103,'涂色画05','匠心IT学院编著',132.3,1,'译林出版社','2012-06-19 00:00:00',100,'00060002-5.jpg','涂色画05','00060002','2012-06-18 00:00:00',0),(104,'涂色画06','匠心IT学院编著',132.3,1,'译林出版社','2012-06-19 00:00:00',100,'00060002-6.jpg','涂色画06','00060002','2012-06-18 00:00:00',0),(105,'儿童科技教材','匠心IT学院编著',132.3,1,'译林出版社','2012-06-19 00:00:00',100,'00060001-1.jpg','儿童科技教材','00060001','2012-06-18 00:00:00',0),(106,'儿童科技教材','匠心IT学院编著',132.3,1,'译林出版社','2012-06-19 00:00:00',100,'00060001-2.jpg','儿童科技教材','00060001','2012-06-18 00:00:00',0),(107,'儿童科技教材','匠心IT学院编著',132.3,1,'译林出版社','2012-06-19 00:00:00',100,'00060001-3.jpg','儿童科技教材','00060001','2012-06-18 00:00:00',0),(108,'儿童科技教材','匠心IT学院编著',132.3,1,'译林出版社','2012-06-19 00:00:00',100,'00060001-4.jpg','儿童科技教材','00060001','2012-06-18 00:00:00',0),(109,'儿童科技教材','匠心IT学院编著',132.3,1,'译林出版社','2012-06-19 00:00:00',100,'00010001-5.jpg','儿童科技教材','00010001','2012-06-18 00:00:00',0),(110,'儿童科技教材','匠心IT学院编著',132.3,1,'译林出版社','2012-06-19 00:00:00',100,'00010001-6.jpg','儿童科技教材','00010001','2012-06-18 00:00:00',0),(111,'创业实战书籍','匠心IT学院编著',132.3,1,'译林出版社','2012-06-19 00:00:00',100,'00080004-1.jpg','创业实战书籍','00080004','2012-06-18 00:00:00',0),(112,'创业实战书籍','匠心IT学院编著',132.3,1,'译林出版社','2012-06-19 00:00:00',100,'00080004-2.jpg','创业实战书籍','00080004','2012-06-18 00:00:00',0),(113,'创业实战书籍','匠心IT学院编著',132.3,1,'译林出版社','2012-06-19 00:00:00',100,'00080004-3.jpg','创业实战书籍','00080004','2012-06-18 00:00:00',0),(114,'创业实战书籍','匠心IT学院编著',132.3,1,'译林出版社','2012-06-19 00:00:00',100,'00080004-4.jpg','创业实战书籍','00080004','2012-06-18 00:00:00',0),(115,'创业实战书籍','匠心IT学院编著',132.3,1,'译林出版社','2012-06-19 00:00:00',100,'00080004-5.jpg','创业实战书籍','00080004','2012-06-18 00:00:00',0),(116,'创业实战书籍','匠心IT学院编著',132.3,1,'译林出版社','2012-06-19 00:00:00',100,'00080004-6.jpg','创业实战书籍','00080004','2012-06-18 00:00:00',0),(117,'创业实战书籍','匠心IT学院编著',132.3,1,'译林出版社','2012-06-19 00:00:00',100,'00080004-7.jpg','创业实战书籍','00080004','2012-06-18 00:00:00',0),(118,'会计学习指南','匠心IT学院编著',132.3,1,'译林出版社','2012-06-19 00:00:00',100,'00080002-1.jpg','会计学习指南','00080002','2012-06-18 00:00:00',0),(119,'会计学习指南','匠心IT学院编著',132.3,1,'译林出版社','2012-06-19 00:00:00',100,'00080002-2.jpg','会计学习指南','00080002','2012-06-18 00:00:00',0),(120,'会计学习指南','匠心IT学院编著',132.3,1,'译林出版社','2012-06-19 00:00:00',100,'00080002-3.jpg','会计学习指南','00080002','2012-06-18 00:00:00',0),(121,'会计学习指南','匠心IT学院编著',132.3,1,'译林出版社','2012-06-19 00:00:00',100,'00080002-4.jpg','会计学习指南','00080002','2012-06-18 00:00:00',0),(122,'经济学','匠心IT学院编著',132.3,1,'译林出版社','2012-06-19 00:00:00',100,'00080001-1.jpg','经济学','00080001','2012-06-18 00:00:00',0),(123,'经济学','匠心IT学院编著',132.3,1,'译林出版社','2012-06-19 00:00:00',100,'00080001-2.jpg','经济学','00080001','2012-06-18 00:00:00',0),(124,'经济学','匠心IT学院编著',132.3,1,'译林出版社','2012-06-19 00:00:00',100,'00080001-3.jpg','经济学','00080001','2012-06-18 00:00:00',0),(125,'经济学','匠心IT学院编著',132.3,1,'译林出版社','2012-06-19 00:00:00',100,'00080001-4.jpg','经济学','00080001','2012-06-18 00:00:00',0),(126,'人力资源学习书籍','匠心IT学院编著',132.3,1,'译林出版社','2012-06-19 00:00:00',100,'00080003-1.jpg','人力资源学习书籍','00080003','2012-06-18 00:00:00',0),(127,'人力资源学习书籍','匠心IT学院编著',132.3,1,'译林出版社','2012-06-19 00:00:00',100,'00080003-2.jpg','人力资源学习书籍','00080003','2012-06-18 00:00:00',0),(128,'人力资源学习书籍','匠心IT学院编著',132.3,1,'译林出版社','2012-06-19 00:00:00',100,'00080003-3.jpg','人力资源学习书籍','00080003','2012-06-18 00:00:00',0),(129,'人力资源学习书籍','匠心IT学院编著',132.3,1,'译林出版社','2012-06-19 00:00:00',100,'00080003-4.jpg','人力资源学习书籍','00080003','2012-06-18 00:00:00',0),(130,'人力资源学习书籍','匠心IT学院编著',132.3,1,'译林出版社','2012-06-19 00:00:00',100,'00080003-5.jpg','人力资源学习书籍','00080003','2012-06-18 00:00:00',0),(131,'动漫书籍','匠心IT学院编著',132.3,1,'译林出版社','2012-06-19 00:00:00',100,'00040002-1.jpg','动漫书籍','00040002','2012-06-18 00:00:00',0),(132,'动漫书籍','匠心IT学院编著',132.3,1,'译林出版社','2012-06-19 00:00:00',100,'00040002-2.jpg','动漫书籍','00040002','2012-06-18 00:00:00',0),(133,'动漫书籍','匠心IT学院编著',132.3,1,'译林出版社','2012-06-19 00:00:00',100,'00040002-3.jpg','动漫书籍','00040002','2012-06-18 00:00:00',0),(134,'青春文学','匠心IT学院编著',132.3,1,'译林出版社','2012-06-19 00:00:00',100,'00040001-1.jpg','青春文学','00040001','2012-06-18 00:00:00',0),(135,'青春文学','匠心IT学院编著',132.3,1,'译林出版社','2012-06-19 00:00:00',100,'00040001-2.jpg','青春文学','00040001','2012-06-18 00:00:00',0),(136,'青春文学','匠心IT学院编著',132.3,1,'译林出版社','2012-06-19 00:00:00',100,'00040001-3.jpg','青春文学','00040001','2012-06-18 00:00:00',0),(137,'幽默学习书籍','匠心IT学院编著',132.3,1,'译林出版社','2012-06-19 00:00:00',100,'00040003-1.jpg','幽默学习书籍','00040003','2012-06-18 00:00:00',0),(138,'幽默学习书籍','匠心IT学院编著',132.3,1,'译林出版社','2012-06-19 00:00:00',100,'00040003-2.jpg','幽默学习书籍','00040003','2012-06-18 00:00:00',0),(139,'幽默学习书籍','匠心IT学院编著',132.3,1,'译林出版社','2012-06-19 00:00:00',100,'00040003-1.jpg','幽默学习书籍','00040003','2012-06-18 00:00:00',0),(140,'美食必备','匠心IT学院编著',132.3,1,'译林出版社','2012-06-19 00:00:00',100,'00070003-1.jpg','美食必备','00070003','2012-06-18 00:00:00',0),(141,'美食必备','匠心IT学院编著',132.3,1,'译林出版社','2012-06-19 00:00:00',100,'00070003-2.jpg','美食必备','00070003','2012-06-18 00:00:00',0),(142,'美食必备','匠心IT学院编著',132.3,1,'译林出版社','2012-06-19 00:00:00',100,'00070003-3.jpg','美食必备','00070003','2012-06-18 00:00:00',0),(143,'美食必备','匠心IT学院编著',132.3,1,'译林出版社','2012-06-19 00:00:00',100,'00070003-4.jpg','美食必备','00070003','2012-06-18 00:00:00',0),(144,'育儿指南','匠心IT学院编著',132.3,1,'译林出版社','2012-06-19 00:00:00',100,'00070001-1.jpg','育儿指南','00070001','2012-06-18 00:00:00',0),(145,'育儿指南','匠心IT学院编著',132.3,1,'译林出版社','2012-06-19 00:00:00',100,'00070001-2.jpg','育儿指南','00070001','2012-06-18 00:00:00',0),(146,'育儿指南','匠心IT学院编著',132.3,1,'译林出版社','2012-06-19 00:00:00',100,'00070001-3.jpg','育儿指南','00070001','2012-06-18 00:00:00',0),(147,'运动达人','匠心IT学院编著',132.3,1,'译林出版社','2012-06-19 00:00:00',100,'00070002-1.jpg','运动达人','00070002','2012-06-18 00:00:00',0),(148,'运动达人','匠心IT学院编著',132.3,1,'译林出版社','2012-06-19 00:00:00',100,'00070002-1.jpg','运动达人','00070002','2012-06-18 00:00:00',0),(149,'运动达人','匠心IT学院编著',132.3,1,'译林出版社','2012-06-19 00:00:00',100,'00070002-1.jpg','运动达人','00070002','2012-06-18 00:00:00',0),(150,'运动达人','匠心IT学院编著',132.3,1,'译林出版社','2012-06-19 00:00:00',100,'00070002-1.jpg','运动达人','00070002','2012-06-18 00:00:00',0),(151,'人物传记','匠心IT学院编著',132.3,1,'译林出版社','2012-06-19 00:00:00',100,'00030002-1.jpg','人物传记','00030002','2012-06-18 00:00:00',0),(152,'人物传记','匠心IT学院编著',132.3,1,'译林出版社','2012-06-19 00:00:00',100,'00030002-2.jpg','人物传记','00030002','2012-06-18 00:00:00',0),(153,'人物传记','匠心IT学院编著',132.3,1,'译林出版社','2012-06-19 00:00:00',100,'00030002-3.jpg','人物传记','00030002','2012-06-18 00:00:00',0),(154,'人物传记','匠心IT学院编著',132.3,1,'译林出版社','2012-06-19 00:00:00',100,'00030002-4.jpg','人物传记','00030002','2012-06-18 00:00:00',0),(155,'人物传记','匠心IT学院编著',132.3,1,'译林出版社','2012-06-19 00:00:00',100,'00030002-5.jpg','人物传记','00030002','2012-06-18 00:00:00',0),(156,'人物传记','匠心IT学院编著',132.3,1,'译林出版社','2012-06-19 00:00:00',100,'00030002-6.jpg','人物传记','00030002','2012-06-18 00:00:00',0),(157,'人物传记','匠心IT学院编著',132.3,1,'译林出版社','2012-06-19 00:00:00',100,'00030002-7.jpg','人物传记','00030002','2012-06-18 00:00:00',0),(158,'人物传记','匠心IT学院编著',132.3,1,'译林出版社','2012-06-19 00:00:00',100,'00030002-8.jpg','人物传记','00030002','2012-06-18 00:00:00',0),(159,'文学著作','匠心IT学院编著',132.3,1,'译林出版社','2012-06-19 00:00:00',100,'00030001-1.jpg','文学著作','00030001','2012-06-18 00:00:00',0),(160,'文学著作','匠心IT学院编著',132.3,1,'译林出版社','2012-06-19 00:00:00',100,'00030001-2.jpg','文学著作','00030001','2012-06-18 00:00:00',0),(161,'文学著作','匠心IT学院编著',132.3,1,'译林出版社','2012-06-19 00:00:00',100,'00030001-3.jpg','文学著作','00030001','2012-06-18 00:00:00',0),(162,'文学著作','匠心IT学院编著',132.3,1,'译林出版社','2012-06-19 00:00:00',100,'00030001-4.jpg','文学著作','00030001','2012-06-18 00:00:00',0),(163,'文学著作','匠心IT学院编著',132.3,1,'译林出版社','2012-06-19 00:00:00',100,'00030001-5.jpg','文学著作','00030001','2012-06-18 00:00:00',0),(164,'文学著作','匠心IT学院编著',132.3,1,'译林出版社','2012-06-19 00:00:00',100,'00030001-6.jpg','文学著作','00030001','2012-06-18 00:00:00',0),(165,'文学著作','匠心IT学院编著',132.3,1,'译林出版社','2012-06-19 00:00:00',100,'00030001-7.jpg','文学著作','00030001','2012-06-18 00:00:00',0),(166,'社会大哥大','匠心IT学院编著',132.3,1,'译林出版社','2012-06-19 00:00:00',100,'00020001-1.jpg','社会大哥大','00020001','2012-06-18 00:00:00',0),(167,'社会大哥大','匠心IT学院编著',132.3,1,'译林出版社','2012-06-19 00:00:00',100,'00020001-2.jpg','社会大哥大','00020001','2012-06-18 00:00:00',0),(168,'社会大哥大','匠心IT学院编著',132.3,1,'译林出版社','2012-06-19 00:00:00',100,'00020001-3.jpg','社会大哥大','00020001','2012-06-18 00:00:00',0),(169,'悬疑神秘哈哈','匠心IT学院编著',132.3,1,'译林出版社','2012-06-19 00:00:00',100,'00020003-1.jpg','悬疑神秘哈哈','00020003','2012-06-18 00:00:00',0),(170,'悬疑神秘哈哈','匠心IT学院编著',132.3,1,'译林出版社','2012-06-19 00:00:00',100,'00020003-2.jpg','悬疑神秘哈哈','00020003','2012-06-18 00:00:00',0),(171,'悬疑神秘哈哈','匠心IT学院编著',132.3,1,'译林出版社','2012-06-19 00:00:00',100,'00020003-3.jpg','悬疑神秘哈哈','00020003','2012-06-18 00:00:00',0),(172,'言情','匠心IT学院编著',132.3,1,'译林出版社','2012-06-19 00:00:00',100,'00020002-1.jpg','言情','00020002','2012-06-18 00:00:00',0),(173,'言情','匠心IT学院编著',132.3,1,'译林出版社','2012-06-19 00:00:00',100,'00020002-2.jpg','言情','00020002','2012-06-18 00:00:00',0),(174,'言情','匠心IT学院编著',132.3,1,'译林出版社','2012-06-19 00:00:00',100,'00020002-3.jpg','言情','00020002','2012-06-18 00:00:00',0),(175,'学生教材','匠心IT学院编著',132.3,1,'译林出版社','2012-06-19 00:00:00',100,'00090001-1.jpg','学生教材','00090001','2012-06-18 00:00:00',0),(176,'学生教材','匠心IT学院编著',132.3,1,'译林出版社','2012-06-19 00:00:00',100,'00090001-2.jpg','学生教材','00090001','2012-06-18 00:00:00',0),(177,'学生教材','匠心IT学院编著',132.3,1,'译林出版社','2012-06-19 00:00:00',100,'00090001-3.jpg','学生教材','00090001','2012-06-18 00:00:00',0),(178,'学生教材','匠心IT学院编著',132.3,1,'译林出版社','2012-06-19 00:00:00',100,'00090001-4.jpg','学生教材','00090001','2012-06-18 00:00:00',0),(179,'学生教材','匠心IT学院编著',132.3,1,'译林出版社','2012-06-19 00:00:00',100,'00090001-5.jpg','学生教材','00090001','2012-06-18 00:00:00',0),(180,'考试必杀技','匠心IT学院编著',132.3,1,'译林出版社','2012-06-19 00:00:00',100,'00090003-1.jpg','考试必杀技','00090003','2012-06-18 00:00:00',0),(181,'考试必杀技','匠心IT学院编著',132.3,1,'译林出版社','2012-06-19 00:00:00',100,'00090003-2.jpg','考试必杀技','00090003','2012-06-18 00:00:00',0),(182,'考试必杀技','匠心IT学院编著',132.3,1,'译林出版社','2012-06-19 00:00:00',100,'00090003-3.jpg','考试必杀技','00090003','2012-06-18 00:00:00',0),(183,'考试必杀技','匠心IT学院编著',132.3,1,'译林出版社','2012-06-19 00:00:00',100,'00090003-4.jpg','考试必杀技','00090003','2012-06-18 00:00:00',0),(184,'考试必杀技','匠心IT学院编著',132.3,1,'译林出版社','2012-06-19 00:00:00',100,'00090003-5.jpg','考试必杀技','00090003','2012-06-18 00:00:00',0),(185,'考试必杀技','匠心IT学院编著',132.3,1,'译林出版社','2012-06-19 00:00:00',100,'00090003-6.jpg','考试必杀技','00090003','2012-06-18 00:00:00',0),(186,'一起学外语','匠心IT学院编著',132.3,1,'译林出版社','2012-06-19 00:00:00',100,'00090002-1.jpg','一起学外语','00090002','2012-06-18 00:00:00',0),(187,'一起学外语','匠心IT学院编著',132.3,1,'译林出版社','2012-06-19 00:00:00',100,'00090002-2.jpg','一起学外语','00090002','2012-06-18 00:00:00',0),(188,'一起学外语','匠心IT学院编著',132.3,1,'译林出版社','2012-06-19 00:00:00',100,'00090002-3.jpg','一起学外语','00090002','2012-06-18 00:00:00',0),(189,'一起学外语','匠心IT学院编著',132.3,1,'译林出版社','2012-06-19 00:00:00',100,'00090002-4.jpg','一起学外语','00090002','2012-06-18 00:00:00',0),(190,'一起学外语','匠心IT学院编著',132.3,1,'译林出版社','2012-06-19 00:00:00',100,'00090002-5.jpg','一起学外语','00090002','2012-06-18 00:00:00',0),(191,'一起学外语','匠心IT学院编著',132.3,1,'译林出版社','2012-06-19 00:00:00',100,'00090002-6.jpg','一起学外语','00090002','2012-06-18 00:00:00',0),(192,'中小学教辅','匠心IT学院编著',132.3,1,'译林出版社','2012-06-19 00:00:00',100,'00090004-1.jpg','中小学教辅','00090004','2012-06-18 00:00:00',0),(193,'中小学教辅','匠心IT学院编著',132.3,1,'译林出版社','2012-06-19 00:00:00',100,'00090004-2.jpg','中小学教辅','00090004','2012-06-18 00:00:00',0),(194,'中小学教辅','匠心IT学院编著',132.3,1,'译林出版社','2012-06-19 00:00:00',100,'00090004-3.jpg','中小学教辅','00090004','2012-06-18 00:00:00',0),(195,'中小学教辅','匠心IT学院编著',132.3,1,'译林出版社','2012-06-19 00:00:00',100,'00090004-4.jpg','中小学教辅','00090004','2012-06-18 00:00:00',0),(196,'职场大哥大','匠心IT学院编著',132.3,1,'译林出版社','2012-06-19 00:00:00',100,'00050003-1.jpg','职场大哥大','00050003','2012-06-18 00:00:00',0),(197,'职场大哥大','匠心IT学院编著',132.3,1,'译林出版社','2012-06-19 00:00:00',100,'00050003-2.jpg','职场大哥大','00050003','2012-06-18 00:00:00',0),(198,'职场大哥大','匠心IT学院编著',132.3,1,'译林出版社','2012-06-19 00:00:00',100,'00050003-3.jpg','职场大哥大','00050003','2012-06-18 00:00:00',0),(199,'职场大哥大','匠心IT学院编著',132.3,1,'译林出版社','2012-06-19 00:00:00',100,'00050003-4.jpg','职场大哥大','00050003','2012-06-18 00:00:00',0),(200,'修养','匠心IT学院编著',132.3,1,'译林出版社','2012-06-19 00:00:00',100,'00050001-1.jpg','修养','00050001','2012-06-18 00:00:00',0),(201,'修养','匠心IT学院编著',132.3,1,'译林出版社','2012-06-19 00:00:00',100,'00050001-2.jpg','修养','00050001','2012-06-18 00:00:00',0),(202,'修养','匠心IT学院编著',132.3,1,'译林出版社','2012-06-19 00:00:00',100,'00050001-3.jpg','修养','00050001','2012-06-18 00:00:00',0),(203,'沟通技巧','匠心IT学院编著',132.3,1,'译林出版社','2012-06-19 00:00:00',100,'00050004-1.jpg','沟通技巧','00050004','2012-06-18 00:00:00',0),(204,'沟通技巧','匠心IT学院编著',132.3,1,'译林出版社','2012-06-19 00:00:00',100,'00050004-2.jpg','沟通技巧','00050004','2012-06-18 00:00:00',0),(205,'沟通技巧','匠心IT学院编著',132.3,1,'译林出版社','2012-06-19 00:00:00',100,'00050004-3.jpg','沟通技巧','00050004','2012-06-18 00:00:00',0),(206,'成功的男人','匠心IT学院编著',132.3,1,'译林出版社','2012-06-19 00:00:00',100,'00050002-1.jpg','成功的男人','00050002','2012-06-18 00:00:00',0),(207,'成功的男人','匠心IT学院编著',132.3,1,'译林出版社','2012-06-19 00:00:00',100,'00050002-2.jpg','成功的男人','00050002','2012-06-18 00:00:00',0),(208,'成功的男人','匠心IT学院编著',132.3,1,'译林出版社','2012-06-19 00:00:00',100,'00050002-3.jpg','成功的男人','00050002','2012-06-18 00:00:00',0),(209,'成功的男人','匠心IT学院编著',132.3,1,'译林出版社','2012-06-19 00:00:00',100,'00050002-4.jpg','成功的男人','00050002','2012-06-18 00:00:00',0),(210,'成功的男人','匠心IT学院编著',132.3,1,'译林出版社','2012-06-19 00:00:00',100,'00050002-5.jpg','成功的男人','00050002','2012-06-18 00:00:00',0),(211,'成功的男人','匠心IT学院编著',132.3,1,'译林出版社','2012-06-19 00:00:00',100,'00050002-6.jpg','成功的男人','00050002','2012-06-18 00:00:00',0),(212,'涂色画01','匠心IT学院编著',132.3,1,'译林出版社','2012-06-19 00:00:00',100,'00060002-1.jpg','涂色画01','00060002','2012-06-18 00:00:00',0),(213,'涂色画02','匠心IT学院编著',132.3,1,'译林出版社','2012-06-19 00:00:00',100,'00060002-2.jpg','涂色画02','00060002','2012-06-18 00:00:00',0),(214,'涂色画03','匠心IT学院编著',132.3,1,'译林出版社','2012-06-19 00:00:00',100,'00060002-3.jpg','涂色画03','00060002','2012-06-18 00:00:00',0),(215,'涂色画04','匠心IT学院编著',132.3,1,'译林出版社','2012-06-19 00:00:00',100,'00060002-4.jpg','涂色画04','00060002','2012-06-18 00:00:00',0),(216,'涂色画05','匠心IT学院编著',132.3,1,'译林出版社','2012-06-19 00:00:00',100,'00060002-5.jpg','涂色画05','00060002','2012-06-18 00:00:00',0),(217,'涂色画06','匠心IT学院编著',132.3,1,'译林出版社','2012-06-19 00:00:00',100,'00060002-6.jpg','涂色画06','00060002','2012-06-18 00:00:00',0),(218,'儿童科技教材','匠心IT学院编著',132.3,1,'译林出版社','2012-06-19 00:00:00',100,'00060001-1.jpg','儿童科技教材','00060001','2012-06-18 00:00:00',0),(219,'儿童科技教材','匠心IT学院编著',132.3,1,'译林出版社','2012-06-19 00:00:00',100,'00060001-2.jpg','儿童科技教材','00060001','2012-06-18 00:00:00',0),(220,'儿童科技教材','匠心IT学院编著',132.3,1,'译林出版社','2012-06-19 00:00:00',100,'00060001-3.jpg','儿童科技教材','00060001','2012-06-18 00:00:00',0),(221,'儿童科技教材','匠心IT学院编著',132.3,1,'译林出版社','2012-06-19 00:00:00',100,'00060001-4.jpg','儿童科技教材','00060001','2012-06-18 00:00:00',0),(222,'儿童科技教材','匠心IT学院编著',132.3,1,'译林出版社','2012-06-19 00:00:00',100,'00010001-5.jpg','儿童科技教材','00010001','2012-06-18 00:00:00',0),(223,'儿童科技教材','匠心IT学院编著',132.3,1,'译林出版社','2012-06-19 00:00:00',100,'00010001-6.jpg','儿童科技教材','00010001','2012-06-18 00:00:00',0),(224,'创业实战书籍','匠心IT学院编著',132.3,1,'译林出版社','2012-06-19 00:00:00',100,'00080004-1.jpg','创业实战书籍','00080004','2012-06-18 00:00:00',0),(225,'创业实战书籍','匠心IT学院编著',132.3,1,'译林出版社','2012-06-19 00:00:00',100,'00080004-2.jpg','创业实战书籍','00080004','2012-06-18 00:00:00',0),(226,'创业实战书籍','匠心IT学院编著',132.3,1,'译林出版社','2012-06-19 00:00:00',100,'00080004-3.jpg','创业实战书籍','00080004','2012-06-18 00:00:00',0),(227,'创业实战书籍','匠心IT学院编著',132.3,1,'译林出版社','2012-06-19 00:00:00',100,'00080004-4.jpg','创业实战书籍','00080004','2012-06-18 00:00:00',0),(228,'创业实战书籍','匠心IT学院编著',132.3,1,'译林出版社','2012-06-19 00:00:00',100,'00080004-5.jpg','创业实战书籍','00080004','2012-06-18 00:00:00',0),(229,'创业实战书籍','匠心IT学院编著',132.3,1,'译林出版社','2012-06-19 00:00:00',100,'00080004-6.jpg','创业实战书籍','00080004','2012-06-18 00:00:00',0),(230,'创业实战书籍','匠心IT学院编著',132.3,1,'译林出版社','2012-06-19 00:00:00',100,'00080004-7.jpg','创业实战书籍','00080004','2012-06-18 00:00:00',0),(231,'会计学习指南','匠心IT学院编著',132.3,1,'译林出版社','2012-06-19 00:00:00',100,'00080002-1.jpg','会计学习指南','00080002','2012-06-18 00:00:00',0),(232,'会计学习指南','匠心IT学院编著',132.3,1,'译林出版社','2012-06-19 00:00:00',100,'00080002-2.jpg','会计学习指南','00080002','2012-06-18 00:00:00',0),(233,'会计学习指南','匠心IT学院编著',132.3,1,'译林出版社','2012-06-19 00:00:00',100,'00080002-3.jpg','会计学习指南','00080002','2012-06-18 00:00:00',0),(234,'会计学习指南','匠心IT学院编著',132.3,1,'译林出版社','2012-06-19 00:00:00',100,'00080002-4.jpg','会计学习指南','00080002','2012-06-18 00:00:00',0),(235,'经济学','匠心IT学院编著',132.3,1,'译林出版社','2012-06-19 00:00:00',100,'00080001-1.jpg','经济学','00080001','2012-06-18 00:00:00',0),(236,'经济学','匠心IT学院编著',132.3,1,'译林出版社','2012-06-19 00:00:00',100,'00080001-1.jpg','经济学','00080001','2012-06-18 00:00:00',0),(237,'经济学','匠心IT学院编著',132.3,1,'译林出版社','2012-06-19 00:00:00',100,'00080001-1.jpg','经济学','00080001','2012-06-18 00:00:00',0),(238,'经济学','匠心IT学院编著',132.3,1,'译林出版社','2012-06-19 00:00:00',100,'00080001-1.jpg','经济学','00080001','2012-06-18 00:00:00',0),(239,'人力资源学习书籍','匠心IT学院编著',132.3,1,'译林出版社','2012-06-19 00:00:00',100,'00080003-1.jpg','人力资源学习书籍','00080003','2012-06-18 00:00:00',0),(240,'人力资源学习书籍','匠心IT学院编著',132.3,1,'译林出版社','2012-06-19 00:00:00',100,'00080003-2.jpg','人力资源学习书籍','00080003','2012-06-18 00:00:00',0),(241,'人力资源学习书籍','匠心IT学院编著',132.3,1,'译林出版社','2012-06-19 00:00:00',100,'00080003-3.jpg','人力资源学习书籍','00080003','2012-06-18 00:00:00',0),(242,'人力资源学习书籍','匠心IT学院编著',132.3,1,'译林出版社','2012-06-19 00:00:00',100,'00080003-4.jpg','人力资源学习书籍','00080003','2012-06-18 00:00:00',0),(243,'人力资源学习书籍','匠心IT学院编著',132.3,1,'译林出版社','2012-06-19 00:00:00',100,'00080003-5.jpg','人力资源学习书籍','00080003','2012-06-18 00:00:00',0),(244,'动漫书籍','匠心IT学院编著',132.3,1,'译林出版社','2012-06-19 00:00:00',100,'00040002-1.jpg','动漫书籍','00040002','2012-06-18 00:00:00',0),(245,'动漫书籍','匠心IT学院编著',132.3,1,'译林出版社','2012-06-19 00:00:00',100,'00040002-2.jpg','动漫书籍','00040002','2012-06-18 00:00:00',0),(246,'动漫书籍','匠心IT学院编著',132.3,1,'译林出版社','2012-06-19 00:00:00',100,'00040002-3.jpg','动漫书籍','00040002','2012-06-18 00:00:00',0),(247,'青春文学','匠心IT学院编著',132.3,1,'译林出版社','2012-06-19 00:00:00',100,'00040001-1.jpg','青春文学','00040001','2012-06-18 00:00:00',0),(248,'青春文学','匠心IT学院编著',132.3,1,'译林出版社','2012-06-19 00:00:00',100,'00040001-2.jpg','青春文学','00040001','2012-06-18 00:00:00',0),(249,'青春文学','匠心IT学院编著',132.3,1,'译林出版社','2012-06-19 00:00:00',100,'00040001-3.jpg','青春文学','00040001','2012-06-18 00:00:00',0),(250,'幽默学习书籍','匠心IT学院编著',132.3,1,'译林出版社','2012-06-19 00:00:00',100,'00040003-1.jpg','幽默学习书籍','00040003','2012-06-18 00:00:00',0),(251,'幽默学习书籍','匠心IT学院编著',132.3,1,'译林出版社','2012-06-19 00:00:00',100,'00040003-2.jpg','幽默学习书籍','00040003','2012-06-18 00:00:00',0),(252,'幽默学习书籍','匠心IT学院编著',132.3,1,'译林出版社','2012-06-19 00:00:00',100,'00040003-1.jpg','幽默学习书籍','00040003','2012-06-18 00:00:00',0),(253,'美食必备','匠心IT学院编著',132.3,1,'译林出版社','2012-06-19 00:00:00',100,'00070003-1.jpg','美食必备','00070003','2012-06-18 00:00:00',0),(254,'美食必备','匠心IT学院编著',132.3,1,'译林出版社','2012-06-19 00:00:00',100,'00070003-2.jpg','美食必备','00070003','2012-06-18 00:00:00',0),(255,'美食必备','匠心IT学院编著',132.3,1,'译林出版社','2012-06-19 00:00:00',100,'00070003-3.jpg','美食必备','00070003','2012-06-18 00:00:00',0),(256,'美食必备','匠心IT学院编著',132.3,1,'译林出版社','2012-06-19 00:00:00',100,'00070003-4.jpg','美食必备','00070003','2012-06-18 00:00:00',0),(257,'育儿指南','匠心IT学院编著',132.3,1,'译林出版社','2012-06-19 00:00:00',100,'00070001-1.jpg','育儿指南','00070001','2012-06-18 00:00:00',0),(258,'育儿指南','匠心IT学院编著',132.3,1,'译林出版社','2012-06-19 00:00:00',100,'00070001-2.jpg','育儿指南','00070001','2012-06-18 00:00:00',0),(259,'育儿指南','匠心IT学院编著',132.3,1,'译林出版社','2012-06-19 00:00:00',100,'00070001-3.jpg','育儿指南','00070001','2012-06-18 00:00:00',0),(260,'运动达人','匠心IT学院编著',132.3,1,'译林出版社','2012-06-19 00:00:00',100,'00070002-1.jpg','运动达人','00070002','2012-06-18 00:00:00',0),(261,'运动达人','匠心IT学院编著',132.3,1,'译林出版社','2012-06-19 00:00:00',100,'00070002-1.jpg','运动达人','00070002','2012-06-18 00:00:00',0),(262,'运动达人','匠心IT学院编著',132.3,1,'译林出版社','2012-06-19 00:00:00',100,'00070002-1.jpg','运动达人','00070002','2012-06-18 00:00:00',0),(263,'运动达人','匠心IT学院编著',132.3,1,'译林出版社','2012-06-19 00:00:00',100,'00070002-1.jpg','运动达人','00070002','2012-06-18 00:00:00',0),(264,'人物传记','匠心IT学院编著',132.3,1,'译林出版社','2012-06-19 00:00:00',100,'00030002-1.jpg','人物传记','00030002','2012-06-18 00:00:00',0),(265,'人物传记','匠心IT学院编著',132.3,1,'译林出版社','2012-06-19 00:00:00',100,'00030002-2.jpg','人物传记','00030002','2012-06-18 00:00:00',0),(266,'人物传记','匠心IT学院编著',132.3,1,'译林出版社','2012-06-19 00:00:00',100,'00030002-3.jpg','人物传记','00030002','2012-06-18 00:00:00',0),(267,'人物传记','匠心IT学院编著',132.3,1,'译林出版社','2012-06-19 00:00:00',100,'00030002-4.jpg','人物传记','00030002','2012-06-18 00:00:00',0),(268,'人物传记','匠心IT学院编著',132.3,1,'译林出版社','2012-06-19 00:00:00',100,'00030002-5.jpg','人物传记','00030002','2012-06-18 00:00:00',0),(269,'人物传记','匠心IT学院编著',132.3,1,'译林出版社','2012-06-19 00:00:00',100,'00030002-6.jpg','人物传记','00030002','2012-06-18 00:00:00',0),(270,'人物传记','匠心IT学院编著',132.3,1,'译林出版社','2012-06-19 00:00:00',100,'00030002-7.jpg','人物传记','00030002','2012-06-18 00:00:00',0),(271,'人物传记','匠心IT学院编著',132.3,1,'译林出版社','2012-06-19 00:00:00',100,'00030002-8.jpg','人物传记','00030002','2012-06-18 00:00:00',0),(272,'文学著作','匠心IT学院编著',132.3,1,'译林出版社','2012-06-19 00:00:00',100,'00030001-1.jpg','文学著作','00030001','2012-06-18 00:00:00',0),(273,'文学著作','匠心IT学院编著',132.3,1,'译林出版社','2012-06-19 00:00:00',100,'00030001-2.jpg','文学著作','00030001','2012-06-18 00:00:00',0),(274,'文学著作','匠心IT学院编著',132.3,1,'译林出版社','2012-06-19 00:00:00',100,'00030001-3.jpg','文学著作','00030001','2012-06-18 00:00:00',0),(275,'文学著作','匠心IT学院编著',132.3,1,'译林出版社','2012-06-19 00:00:00',100,'00030001-4.jpg','文学著作','00030001','2012-06-18 00:00:00',0),(276,'文学著作','匠心IT学院编著',132.3,1,'译林出版社','2012-06-19 00:00:00',100,'00030001-5.jpg','文学著作','00030001','2012-06-18 00:00:00',0),(277,'文学著作','匠心IT学院编著',132.3,1,'译林出版社','2012-06-19 00:00:00',100,'00030001-6.jpg','文学著作','00030001','2012-06-18 00:00:00',0),(278,'文学著作','匠心IT学院编著',132.3,1,'译林出版社','2012-06-19 00:00:00',100,'00030001-7.jpg','文学著作','00030001','2012-06-18 00:00:00',0),(279,'社会大哥大','匠心IT学院编著',132.3,1,'译林出版社','2012-06-19 00:00:00',100,'00020001-1.jpg','社会大哥大','00020001','2012-06-18 00:00:00',0),(280,'社会大哥大','匠心IT学院编著',132.3,1,'译林出版社','2012-06-19 00:00:00',100,'00020001-2.jpg','社会大哥大','00020001','2012-06-18 00:00:00',0),(281,'社会大哥大','匠心IT学院编著',132.3,1,'译林出版社','2012-06-19 00:00:00',100,'00020001-3.jpg','社会大哥大','00020001','2012-06-18 00:00:00',0),(282,'悬疑神秘哈哈','匠心IT学院编著',132.3,1,'译林出版社','2012-06-19 00:00:00',100,'00020003-1.jpg','悬疑神秘哈哈','00020003','2012-06-18 00:00:00',0),(283,'悬疑神秘哈哈','匠心IT学院编著',132.3,1,'译林出版社','2012-06-19 00:00:00',100,'00020003-2.jpg','悬疑神秘哈哈','00020003','2012-06-18 00:00:00',0),(284,'悬疑神秘哈哈','匠心IT学院编著',132.3,1,'译林出版社','2012-06-19 00:00:00',100,'00020003-3.jpg','悬疑神秘哈哈','00020003','2012-06-18 00:00:00',0),(285,'言情','匠心IT学院编著',132.3,1,'译林出版社','2012-06-19 00:00:00',100,'00020002-1.jpg','言情','00020002','2012-06-18 00:00:00',0),(286,'言情','匠心IT学院编著',132.3,1,'译林出版社','2012-06-19 00:00:00',100,'00020002-2.jpg','言情','00020002','2012-06-18 00:00:00',0),(287,'言情','匠心IT学院编著',132.3,1,'译林出版社','2012-06-19 00:00:00',100,'00020002-3.jpg','言情','00020002','2012-06-18 00:00:00',0),(288,'学生教材','匠心IT学院编著',132.3,1,'译林出版社','2012-06-19 00:00:00',100,'00090001-1.jpg','学生教材','00090001','2012-06-18 00:00:00',0),(289,'学生教材','匠心IT学院编著',132.3,1,'译林出版社','2012-06-19 00:00:00',100,'00090001-2.jpg','学生教材','00090001','2012-06-18 00:00:00',0),(290,'学生教材','匠心IT学院编著',132.3,1,'译林出版社','2012-06-19 00:00:00',100,'00090001-3.jpg','学生教材','00090001','2012-06-18 00:00:00',0),(291,'学生教材','匠心IT学院编著',132.3,1,'译林出版社','2012-06-19 00:00:00',100,'00090001-4.jpg','学生教材','00090001','2012-06-18 00:00:00',0),(292,'学生教材','匠心IT学院编著',132.3,1,'译林出版社','2012-06-19 00:00:00',100,'00090001-5.jpg','学生教材','00090001','2012-06-18 00:00:00',0),(293,'考试必杀技','匠心IT学院编著',132.3,1,'译林出版社','2012-06-19 00:00:00',100,'00090001-1.jpg','考试必杀技','00090001','2012-06-18 00:00:00',0),(294,'考试必杀技','匠心IT学院编著',132.3,1,'译林出版社','2012-06-19 00:00:00',100,'00090001-2.jpg','考试必杀技','00090001','2012-06-18 00:00:00',0),(295,'考试必杀技','匠心IT学院编著',132.3,1,'译林出版社','2012-06-19 00:00:00',100,'00090001-3.jpg','考试必杀技','00090001','2012-06-18 00:00:00',0),(296,'考试必杀技','匠心IT学院编著',132.3,1,'译林出版社','2012-06-19 00:00:00',100,'00090001-4.jpg','考试必杀技','00090001','2012-06-18 00:00:00',0),(297,'考试必杀技','匠心IT学院编著',132.3,1,'译林出版社','2012-06-19 00:00:00',100,'00090001-5.jpg','考试必杀技','00090001','2012-06-18 00:00:00',0),(298,'考试必杀技','匠心IT学院编著',132.3,1,'译林出版社','2012-06-19 00:00:00',100,'00090001-6.jpg','考试必杀技','00090001','2012-06-18 00:00:00',0),(299,'一起学外语','匠心IT学院编著',132.3,1,'译林出版社','2012-06-19 00:00:00',100,'00090001-1.jpg','一起学外语','00090001','2012-06-18 00:00:00',0),(300,'一起学外语','匠心IT学院编著',132.3,1,'译林出版社','2012-06-19 00:00:00',100,'00090001-2.jpg','一起学外语','00090001','2012-06-18 00:00:00',0),(301,'一起学外语','匠心IT学院编著',132.3,1,'译林出版社','2012-06-19 00:00:00',100,'00090001-3.jpg','一起学外语','00090001','2012-06-18 00:00:00',0),(302,'一起学外语','匠心IT学院编著',132.3,1,'译林出版社','2012-06-19 00:00:00',100,'00090001-4.jpg','一起学外语','00090001','2012-06-18 00:00:00',0),(303,'一起学外语','匠心IT学院编著',132.3,1,'译林出版社','2012-06-19 00:00:00',100,'00090001-5.jpg','一起学外语','00090001','2012-06-18 00:00:00',0),(304,'一起学外语','匠心IT学院编著',132.3,1,'译林出版社','2012-06-19 00:00:00',100,'00090001-6.jpg','一起学外语','00090001','2012-06-18 00:00:00',0),(305,'中小学教辅','匠心IT学院编著',132.3,1,'译林出版社','2012-06-19 00:00:00',100,'00090001-1.jpg','中小学教辅','00090001','2012-06-18 00:00:00',0),(306,'中小学教辅','匠心IT学院编著',132.3,1,'译林出版社','2012-06-19 00:00:00',100,'00090001-2.jpg','中小学教辅','00090001','2012-06-18 00:00:00',0),(307,'中小学教辅','匠心IT学院编著',132.3,1,'译林出版社','2012-06-19 00:00:00',100,'00090001-3.jpg','中小学教辅','00090001','2012-06-18 00:00:00',0),(308,'中小学教辅','匠心IT学院编著',132.3,1,'译林出版社','2012-06-19 00:00:00',100,'00090001-4.jpg','中小学教辅','00090001','2012-06-18 00:00:00',0),(309,'职场大哥大','匠心IT学院编著',132.3,1,'译林出版社','2012-06-19 00:00:00',100,'00090001-1.jpg','职场大哥大','00050003','2012-06-18 00:00:00',0),(310,'职场大哥大','匠心IT学院编著',132.3,1,'译林出版社','2012-06-19 00:00:00',100,'00090001-2.jpg','职场大哥大','00050003','2012-06-18 00:00:00',0),(311,'职场大哥大','匠心IT学院编著',132.3,1,'译林出版社','2012-06-19 00:00:00',100,'00090001-3.jpg','职场大哥大','00050003','2012-06-18 00:00:00',0),(312,'职场大哥大','匠心IT学院编著',132.3,1,'译林出版社','2012-06-19 00:00:00',100,'00090001-4.jpg','职场大哥大','00050003','2012-06-18 00:00:00',0),(313,'修养','匠心IT学院编著',132.3,1,'译林出版社','2012-06-19 00:00:00',100,'00090001-1.jpg','修养','00050003','2012-06-18 00:00:00',0),(314,'修养','匠心IT学院编著',132.3,1,'译林出版社','2012-06-19 00:00:00',100,'00090001-2.jpg','修养','00050003','2012-06-18 00:00:00',0),(315,'修养','匠心IT学院编著',132.3,1,'译林出版社','2012-06-19 00:00:00',100,'00090001-3.jpg','修养','00050003','2012-06-18 00:00:00',0),(316,'沟通技巧','匠心IT学院编著',132.3,1,'译林出版社','2012-06-19 00:00:00',100,'00090001-4.jpg','沟通技巧','00050003','2012-06-18 00:00:00',0),(317,'沟通技巧','匠心IT学院编著',132.3,1,'译林出版社','2012-06-19 00:00:00',100,'00090001-5.jpg','沟通技巧','00050003','2012-06-18 00:00:00',0),(318,'沟通技巧','匠心IT学院编著',132.3,1,'译林出版社','2012-06-19 00:00:00',100,'00090001-6.jpg','沟通技巧','00050003','2012-06-18 00:00:00',0),(319,'成功的男人','匠心IT学院编著',132.3,1,'译林出版社','2012-06-19 00:00:00',100,'00090001-1.jpg','成功的男人','00050003','2012-06-18 00:00:00',0),(320,'成功的男人','匠心IT学院编著',132.3,1,'译林出版社','2012-06-19 00:00:00',100,'00090001-2.jpg','成功的男人','00050003','2012-06-18 00:00:00',0),(321,'成功的男人','匠心IT学院编著',132.3,1,'译林出版社','2012-06-19 00:00:00',100,'00090001-3.jpg','成功的男人','00050003','2012-06-18 00:00:00',0),(322,'成功的男人','匠心IT学院编著',132.3,1,'译林出版社','2012-06-19 00:00:00',100,'00090001-4.jpg','成功的男人','00050003','2012-06-18 00:00:00',0),(323,'成功的男人','匠心IT学院编著',132.3,1,'译林出版社','2012-06-19 00:00:00',100,'00090001-5.jpg','成功的男人','00050003','2012-06-18 00:00:00',0),(324,'成功的男人','匠心IT学院编著',132.3,1,'译林出版社','2012-06-19 00:00:00',100,'00090001-6.jpg','成功的男人','00050003','2012-06-18 00:00:00',0),(325,'aaa','bbb',30,1,'ccc','2020-09-16 09:25:26',200,'092691aa-d5d6-48d8-8342-71482a29feb8.jpg','yyyyyy','0001','2020-09-16 09:25:26',1),(326,'vv','xxxx',22,1,'ttt','2020-09-16 11:01:54',100,'304ba7e9-eebf-4f6a-b935-4abe7e883e37.jpg','vvv','0001','2020-09-16 11:01:54',1),(327,'mybatis','liayin',55,1,'sh','2022-07-19 09:22:02',50,'477f52c0-a166-41bf-9d62-82f73ee14506.jpg','yyyyy','0001','2022-07-19 09:22:02',0),(328,'ajax','ajax',99,1,'sh','2023-03-07 22:11:45',200,'2a195769-fb71-4cfb-8d33-b92508d9e14d.jpg','ajax..','0002','2023-03-07 22:11:45',0);

/*Table structure for table `ec_article_type` */

DROP TABLE IF EXISTS `ec_article_type`;

CREATE TABLE `ec_article_type` (
  `CODE` varchar(100) NOT NULL,
  `NAME` varchar(50) DEFAULT NULL,
  `REMARK` varchar(200) DEFAULT NULL,
  PRIMARY KEY (`CODE`),
  UNIQUE KEY `NAME` (`NAME`)
) ENGINE=InnoDB DEFAULT CHARSET=utf8;

/*Data for the table `ec_article_type` */

insert  into `ec_article_type`(`CODE`,`NAME`,`REMARK`) values ('00010001','编程设计','程序设计'),('00010002','数据库','数据库'),('00010003','编程理论理论','编程理论理论'),('00010004','编程教材','编程教材'),('0002','小说类书籍','小说'),('00020001','社会','社会'),('00020002','言情','言情'),('00020003','悬疑','悬疑'),('0003','文艺','文艺'),('00030001','文学','文学'),('00030002','传记','传记'),('0004','青春语录','青春语录'),('00040001','青春文学','青春文学'),('00040002','----动漫','动漫'),('00040003','----幽默','幽默'),('0005','职场文化','励志/成功'),('00050001','----修养','修养'),('00050002','----成功','成功'),('00050003','----职场','职场'),('00050004','----沟通','沟通'),('0006','儿童书籍','儿童'),('00060001','----科学','科学'),('00060002','----图画书','图画书'),('0007','生活相关','生活'),('00070001','----育儿','育儿'),('00070002','----运动','运动'),('00070003','----美食','美食'),('0008','管理与经济学','管理与经济学'),('00080001','----经济','经济'),('00080002','----会计','会计'),('00080003','----人力资源','人力资源'),('00080004','----创业','创业'),('0009','教育教学','校园教育'),('00090001','----教材','教材'),('00090002','----外语','外语'),('00090003','----考试','考试'),('00090004','----中小学教辅','中小学教辅'),('0010','java','java'),('00100001','springmvc','springmvc');

/*Table structure for table `ec_order` */

DROP TABLE IF EXISTS `ec_order`;

CREATE TABLE `ec_order` (
  `ID` int(11) NOT NULL AUTO_INCREMENT,
  `ORDER_CODE` varchar(20) DEFAULT NULL,
  `CREATE_DATE` datetime DEFAULT NULL,
  `SEND_DATE` datetime DEFAULT NULL,
  `STATUS` char(1) DEFAULT '0',
  `AMOUNT` double DEFAULT NULL,
  `USER_ID` int(11) DEFAULT NULL,
  `pay_Status` char(1) DEFAULT '0',
  PRIMARY KEY (`ID`),
  UNIQUE KEY `ORDER_CODE` (`ORDER_CODE`),
  KEY `FK_USER_ORDER` (`USER_ID`)
) ENGINE=InnoDB AUTO_INCREMENT=39 DEFAULT CHARSET=utf8;

/*Data for the table `ec_order` */

insert  into `ec_order`(`ID`,`ORDER_CODE`,`CREATE_DATE`,`SEND_DATE`,`STATUS`,`AMOUNT`,`USER_ID`,`pay_Status`) values (24,'PO-202003181110151','2020-03-18 11:10:15',NULL,'0',132.3,1,'1'),(25,'PO-202009140916364','2020-09-14 09:16:37',NULL,'0',926.1000000000001,4,'0'),(26,'PO-202009140921374','2020-09-14 09:21:37',NULL,'0',132.3,4,'0'),(27,'PO-202009140931054','2020-09-14 09:31:06','2020-09-17 08:23:20','1',132.3,4,'0'),(28,'PO-202009221525584','2020-09-22 15:25:59',NULL,'0',182.3,4,'0'),(29,'PO-202009221621574','2020-09-22 16:21:58',NULL,'0',132.3,4,'0'),(30,'PO-202009221622044','2020-09-22 16:22:05',NULL,'0',132.3,4,'1'),(31,'PO-202009221631184','2020-09-22 16:31:19',NULL,'0',264.6,4,'1'),(32,'PO-202102281519404','2021-02-28 15:19:41',NULL,'0',529.2,4,'0'),(33,'PO-202102281533335','2021-02-28 15:33:34','2021-02-28 16:25:59','1',364.6,5,'0'),(34,'PO-2022071614110613','2022-07-16 14:11:06',NULL,'0',608.58,13,'0'),(35,'PO-2022071614203013','2022-07-16 14:20:30',NULL,'0',740.8800000000001,13,'0'),(36,'PO-2022071614252813','2022-07-16 14:25:28',NULL,'0',873.1800000000001,13,'0'),(37,'PO-2022071614295713','2022-07-16 14:29:57','2022-07-19 14:57:01','1',1005.4800000000001,13,'0'),(38,'PO-202303051455554','2023-03-05 14:55:55','2023-03-10 20:56:08','1',596.9000000000001,4,'0');

/*Table structure for table `ec_order_item` */

DROP TABLE IF EXISTS `ec_order_item`;

CREATE TABLE `ec_order_item` (
  `ORDER_ID` int(11) NOT NULL DEFAULT '0',
  `ARTICLE_ID` int(11) NOT NULL DEFAULT '0',
  `ORDER_NUM` int(11) DEFAULT NULL,
  PRIMARY KEY (`ORDER_ID`,`ARTICLE_ID`),
  KEY `FK_ORDER_ITEM_ARTICLE_ID` (`ARTICLE_ID`)
) ENGINE=InnoDB DEFAULT CHARSET=utf8;

/*Data for the table `ec_order_item` */

insert  into `ec_order_item`(`ORDER_ID`,`ARTICLE_ID`,`ORDER_NUM`) values (24,76,1),(25,76,4),(25,77,3),(26,78,1),(27,79,1),(28,76,1),(28,79,1),(29,144,1),(30,144,1),(31,79,1),(31,82,1),(32,78,2),(32,79,1),(32,81,1),(33,76,2),(33,80,2),(35,77,2),(35,78,2),(35,81,2),(36,77,3),(36,78,2),(36,81,2),(37,77,4),(37,78,2),(37,81,2),(38,76,4),(38,78,2),(38,79,1);

/*Table structure for table `ec_shopcart` */

DROP TABLE IF EXISTS `ec_shopcart`;

CREATE TABLE `ec_shopcart` (
  `buynum` int(11) NOT NULL,
  `user_id` int(11) NOT NULL,
  `article_id` int(11) NOT NULL,
  PRIMARY KEY (`user_id`,`article_id`),
  KEY `FKaj47ay0hg8pf56yaigcbc7evw` (`article_id`)
) ENGINE=InnoDB DEFAULT CHARSET=utf8;

/*Data for the table `ec_shopcart` */

insert  into `ec_shopcart`(`buynum`,`user_id`,`article_id`) values (1,1,76),(2,2,76),(4,2,78),(4,4,76),(2,4,78),(1,4,79),(2,5,76),(2,5,80),(4,13,77),(2,13,78),(2,13,81);

/*Table structure for table `ec_user` */

DROP TABLE IF EXISTS `ec_user`;

CREATE TABLE `ec_user` (
  `ID` int(11) NOT NULL AUTO_INCREMENT,
  `LOGIN_NAME` varchar(50) DEFAULT NULL,
  `PASSWORD` varchar(50) DEFAULT NULL,
  `NAME` varchar(50) DEFAULT NULL,
  `SEX` int(11) DEFAULT '1',
  `EMAIL` varchar(50) DEFAULT NULL,
  `PHONE` varchar(20) DEFAULT NULL,
  `ADDRESS` varchar(255) DEFAULT NULL,
  `ROLE` int(11) DEFAULT '1',
  `CREATE_DATE` datetime DEFAULT NULL,
  `DISABLED` tinyint(1) DEFAULT '0',
  `ACTIVE` varchar(255) DEFAULT NULL,
  PRIMARY KEY (`ID`),
  UNIQUE KEY `LOGIN_NAME` (`LOGIN_NAME`)
) ENGINE=InnoDB AUTO_INCREMENT=19 DEFAULT CHARSET=utf8;

/*Data for the table `ec_user` */

insert  into `ec_user`(`ID`,`LOGIN_NAME`,`PASSWORD`,`NAME`,`SEX`,`EMAIL`,`PHONE`,`ADDRESS`,`ROLE`,`CREATE_DATE`,`DISABLED`,`ACTIVE`) values (1,'admin','123456','管理员',1,'test@163.com','18998665678','珠江新城',2,'2019-04-09 09:47:44',1,NULL),(2,'test1','123456','容儿',1,'test1@163.com','13487890989','天河车陂',1,'2019-04-09 09:47:44',1,NULL),(3,'vvvvv','fendou','jack',1,'25952312@qq.com','18679056765','xx',1,'2020-09-10 11:13:35',0,'f48771bb-0d8f-439b-9b28-b51e85a6065d'),(4,'css','fendou','liayin',1,'25952312@qq.com','1867777777','2222',1,'2020-09-11 08:14:45',1,''),(5,'liayin','fendou','liayin',1,'25952312@qq.com','18679056765','xxx',1,'2020-09-17 09:58:27',1,''),(6,'csslyp','fendou','csslyp',1,'25952312@qq.com','18679056765','xxx',1,'2020-09-17 10:06:19',1,''),(7,'test2','fendou','css',1,'25952312@qq.com','18679056765','xxxxvvvv',1,'2021-01-31 16:34:51',0,'9051e46f-5809-4e6c-a156-fdbb0c869c2c'),(8,'test3','fendou','xxxx',1,'25952312@qq.com','18679056765','vxsssssss',1,'2021-01-31 17:07:05',1,''),(9,'kkk','fendou','jack',1,'nblyp@163.com','19666666','上海',1,'2021-07-16 10:29:43',0,'50d31184-d099-44a4-92e0-eb2c6f339942'),(10,'lucy','fendou',NULL,0,NULL,NULL,NULL,1,NULL,0,NULL),(11,'jack','fendou','jack',1,'25952312@qq.com','13666666666','aaaaaaaaaaaa',1,'2022-07-15 16:43:47',0,'f11c4bac-8542-4781-8b68-21301816b094'),(12,'lisi','fendou','lisi',1,'25952312@qq.com','1333333333','1323333',1,'2022-07-16 09:01:35',0,'9ce93404-0335-429b-a9aa-62a030d09b5a'),(13,'yys','fendou','yys',1,'25952312@qq.com','1333333333','13333333',1,'2022-07-16 09:05:23',1,''),(14,'angle','fendou','angle',1,'25952312@qq.com','135555555','13333333333333',1,'2022-07-18 15:58:12',0,'273ee0bb-3019-4dd6-81a4-b50c87966568'),(15,'aaa','bbbb',NULL,0,'25952312@qq.com',NULL,NULL,1,'2023-03-01 14:49:51',0,'8e15bc53-b657-4525-b4e8-0f37ff79a454'),(16,'mmm','fendou','mss',1,'25952312@qq.com','133333333','yyyyyyyyyy',1,'2023-03-03 20:15:44',0,'de171667-3f9c-4a0a-a0ea-bb83380e1366'),(17,'nns','fendou','nns',1,'25952312@qq.com','133333333','ttttttttt',1,'2023-03-03 20:29:54',1,''),(18,'miounet','fendou','msss',1,'25952312@qq.com','13333333333','ddd',1,'2023-03-10 21:47:05',1,'');

/*!40101 SET SQL_MODE=@OLD_SQL_MODE */;
/*!40014 SET FOREIGN_KEY_CHECKS=@OLD_FOREIGN_KEY_CHECKS */;
/*!40014 SET UNIQUE_CHECKS=@OLD_UNIQUE_CHECKS */;
/*!40111 SET SQL_NOTES=@OLD_SQL_NOTES */;
